base,target,flow,dim,flow_l1,target_l1,diff_l1
ConditionalAR_2,AR_1,MAF,10,0.998,1.005,1.448
ConditionalAR_2,AR_1,MAF,15,1.001,0.991,0.673
ConditionalAR_2,AR_1,MAF,20,0.983,0.959,0.62
ConditionalAR_2,AR_1,RealNVP,10,1.004,1.001,1.086
ConditionalAR_2,AR_1,RealNVP,15,0.989,1.037,1.274
ConditionalAR_2,AR_1,RealNVP,20,0.99,1.013,1.204
ConditionalAR_2,AR_2,MAF,10,1.005,2.724,3.316
ConditionalAR_2,AR_2,MAF,15,0.979,0.751,1.45
ConditionalAR_2,AR_2,MAF,20,1.015,0.945,1.352
ConditionalAR_2,AR_2,RealNVP,10,1.009,1.003,1.25
ConditionalAR_2,AR_2,RealNVP,15,1.005,2.502,3.359
ConditionalAR_2,AR_2,RealNVP,20,0.921,0.996,1.537
ConditionalAR_2,MA_1,MAF,10,0.998,0.998,0.282
ConditionalAR_2,MA_1,MAF,15,0.995,0.991,0.857
ConditionalAR_2,MA_1,MAF,20,0.983,1.058,1.448
ConditionalAR_2,MA_1,RealNVP,10,0.997,0.997,0.393
ConditionalAR_2,MA_1,RealNVP,15,1.013,1.011,0.767
ConditionalAR_2,MA_1,RealNVP,20,1.021,1.064,0.505
ConditionalAR_2,MA_2,MAF,10,0.998,0.993,0.744
ConditionalAR_2,MA_2,MAF,15,1.004,1.006,0.394
ConditionalAR_2,MA_2,MAF,20,0.96,0.963,0.773
ConditionalAR_2,MA_2,RealNVP,10,1.002,0.995,0.799
ConditionalAR_2,MA_2,RealNVP,15,0.993,0.983,0.564
ConditionalAR_2,MA_2,RealNVP,20,1.001,1.008,0.53
ConditionalMA_2,AR_1,MAF,10,0.997,1.001,0.533
ConditionalMA_2,AR_1,MAF,15,1.022,1.021,1.337
ConditionalMA_2,AR_1,MAF,20,1.049,1.029,0.893
ConditionalMA_2,AR_1,RealNVP,10,1.004,0.983,1.147
ConditionalMA_2,AR_1,RealNVP,15,0.976,0.959,1.323
ConditionalMA_2,AR_1,RealNVP,20,1.006,1.015,0.912
ConditionalMA_2,AR_2,MAF,10,1.0,1.0,0.828
ConditionalMA_2,AR_2,MAF,15,1.01,0.995,0.982
ConditionalMA_2,AR_2,MAF,20,0.988,0.902,1.585
ConditionalMA_2,AR_2,RealNVP,10,1.003,1.0,0.499
ConditionalMA_2,AR_2,RealNVP,15,0.999,1.001,0.783
ConditionalMA_2,AR_2,RealNVP,20,1.005,0.955,1.223
ConditionalMA_2,MA_1,MAF,10,0.997,1.001,0.25
ConditionalMA_2,MA_1,MAF,15,1.009,1.013,0.452
ConditionalMA_2,MA_1,MAF,20,0.967,1.023,0.694
ConditionalMA_2,MA_1,RealNVP,10,0.998,0.998,0.326
ConditionalMA_2,MA_1,RealNVP,15,0.999,0.957,0.985
ConditionalMA_2,MA_1,RealNVP,20,0.992,0.995,1.326
ConditionalMA_2,MA_2,MAF,10,0.998,0.999,0.213
ConditionalMA_2,MA_2,MAF,15,0.978,0.977,0.27
ConditionalMA_2,MA_2,MAF,20,1.014,1.049,0.52
ConditionalMA_2,MA_2,RealNVP,10,0.989,0.978,0.524
ConditionalMA_2,MA_2,RealNVP,15,0.997,0.979,1.488
ConditionalMA_2,MA_2,RealNVP,20,0.941,0.911,0.632
AR_2,AR_1,MAF,10,0.997,1.005,1.102
AR_2,AR_1,MAF,15,0.989,1.003,0.821
AR_2,AR_1,MAF,20,1.177,1.033,1.492
AR_2,AR_1,RealNVP,10,0.989,0.997,1.541
AR_2,AR_1,RealNVP,15,1.029,0.991,1.513
AR_2,AR_1,RealNVP,20,0.881,0.985,1.493
AR_2,AR_2,MAF,10,1.006,1.0,0.815
AR_2,AR_2,MAF,15,0.977,1.007,1.659
AR_2,AR_2,MAF,20,0.508,0.977,1.418
AR_2,AR_2,RealNVP,10,0.982,1.011,1.639
AR_2,AR_2,RealNVP,15,1.015,0.988,1.794
AR_2,AR_2,RealNVP,20,1.011,1.009,1.622
AR_2,MA_1,MAF,10,0.998,0.998,0.11
AR_2,MA_1,MAF,15,0.996,1.001,0.264
AR_2,MA_1,MAF,20,0.991,0.966,0.478
AR_2,MA_1,RealNVP,10,1.001,1.002,0.191
AR_2,MA_1,RealNVP,15,1.005,1.011,0.289
AR_2,MA_1,RealNVP,20,1.006,1.02,0.384
AR_2,MA_2,MAF,10,0.993,0.993,0.193
AR_2,MA_2,MAF,15,1.024,1.029,0.379
AR_2,MA_2,MAF,20,1.075,1.008,0.47
AR_2,MA_2,RealNVP,10,1.0,1.0,0.13
AR_2,MA_2,RealNVP,15,0.993,0.992,0.188
AR_2,MA_2,RealNVP,20,1.162,1.187,0.526
MA_2,AR_1,MAF,10,0.996,0.997,0.21
MA_2,AR_1,MAF,15,0.995,0.993,0.206
MA_2,AR_1,MAF,20,1.158,0.909,1.965
MA_2,AR_1,RealNVP,10,0.984,0.997,1.605
MA_2,AR_1,RealNVP,15,1.018,0.994,1.543
MA_2,AR_1,RealNVP,20,1.001,1.084,1.202
MA_2,AR_2,MAF,10,1.006,1.021,1.503
MA_2,AR_2,MAF,15,0.989,0.986,1.622
MA_2,AR_2,MAF,20,1.134,0.637,1.722
MA_2,AR_2,RealNVP,10,0.975,0.998,1.647
MA_2,AR_2,RealNVP,15,1.017,0.944,1.658
MA_2,AR_2,RealNVP,20,1.004,0.932,1.645
MA_2,MA_1,MAF,10,0.998,0.999,0.179
MA_2,MA_1,MAF,15,0.983,0.991,0.341
MA_2,MA_1,MAF,20,1.025,1.024,0.467
MA_2,MA_1,RealNVP,10,1.0,1.0,0.25
MA_2,MA_1,RealNVP,15,1.001,0.995,0.2
MA_2,MA_1,RealNVP,20,1.013,1.011,0.268
MA_2,MA_2,MAF,10,0.988,0.989,0.213
MA_2,MA_2,MAF,15,0.99,0.993,0.249
MA_2,MA_2,MAF,20,1.031,1.053,0.509
MA_2,MA_2,RealNVP,10,0.996,0.997,0.229
MA_2,MA_2,RealNVP,15,1.064,1.086,0.319
MA_2,MA_2,RealNVP,20,0.984,0.992,0.364
AR_1,AR_1,MAF,10,1.0,0.998,1.189
AR_1,AR_1,MAF,15,0.985,0.996,0.539
AR_1,AR_1,MAF,20,0.962,0.961,0.953
AR_1,AR_1,RealNVP,10,1.0,0.998,1.05
AR_1,AR_1,RealNVP,15,0.999,1.006,0.505
AR_1,AR_1,RealNVP,20,1.012,1.075,1.54
AR_1,AR_2,MAF,10,0.997,0.987,1.662
AR_1,AR_2,MAF,15,0.943,1.011,1.704
AR_1,AR_2,MAF,20,1.052,1.051,0.957
AR_1,AR_2,RealNVP,10,1.011,0.999,1.355
AR_1,AR_2,RealNVP,15,1.008,0.956,1.649
AR_1,AR_2,RealNVP,20,0.998,1.078,1.739
AR_1,MA_1,MAF,10,1.003,1.003,0.121
AR_1,MA_1,MAF,15,1.005,0.996,0.207
AR_1,MA_1,MAF,20,1.085,1.108,0.375
AR_1,MA_1,RealNVP,10,1.0,0.999,0.153
AR_1,MA_1,RealNVP,15,0.971,0.964,0.291
AR_1,MA_1,RealNVP,20,0.978,0.971,0.164
AR_1,MA_2,MAF,10,0.999,1.0,0.194
AR_1,MA_2,MAF,15,0.967,0.964,0.39
AR_1,MA_2,MAF,20,0.97,0.981,0.336
AR_1,MA_2,RealNVP,10,1.011,1.011,0.192
AR_1,MA_2,RealNVP,15,0.971,0.957,0.332
AR_1,MA_2,RealNVP,20,0.988,0.959,0.327
MA_1,AR_1,MAF,10,1.006,1.007,0.12
MA_1,AR_1,MAF,15,1.0,1.001,0.644
MA_1,AR_1,MAF,20,0.993,0.972,1.226
MA_1,AR_1,RealNVP,10,1.001,1.006,1.595
MA_1,AR_1,RealNVP,15,1.018,1.005,1.477
MA_1,AR_1,RealNVP,20,1.06,0.957,1.603
MA_1,AR_2,MAF,10,0.996,0.999,0.927
MA_1,AR_2,MAF,15,1.009,0.985,1.746
MA_1,AR_2,MAF,20,1.089,1.034,2.042
MA_1,AR_2,RealNVP,10,0.996,0.992,1.362
MA_1,AR_2,RealNVP,15,0.847,1.008,1.652
MA_1,AR_2,RealNVP,20,0.893,0.863,1.67
MA_1,MA_1,MAF,10,1.008,1.008,0.132
MA_1,MA_1,MAF,15,1.025,1.015,0.334
MA_1,MA_1,MAF,20,0.996,1.008,0.488
MA_1,MA_1,RealNVP,10,0.998,0.999,0.16
MA_1,MA_1,RealNVP,15,0.991,0.994,0.134
MA_1,MA_1,RealNVP,20,1.06,1.025,0.252
MA_1,MA_2,MAF,10,1.001,1.002,0.156
MA_1,MA_2,MAF,15,0.98,0.972,0.286
MA_1,MA_2,MAF,20,0.902,0.897,0.446
MA_1,MA_2,RealNVP,10,1.0,1.001,0.163
MA_1,MA_2,RealNVP,15,0.993,0.99,0.271
MA_1,MA_2,RealNVP,20,0.933,0.9,0.388
ConditionalAR_1,AR_1,MAF,10,1.001,0.985,0.818
ConditionalAR_1,AR_1,MAF,15,0.981,0.978,0.558
ConditionalAR_1,AR_1,MAF,20,0.996,1.004,0.444
ConditionalAR_1,AR_1,RealNVP,10,1.006,1.02,1.417
ConditionalAR_1,AR_1,RealNVP,15,0.982,1.004,0.83
ConditionalAR_1,AR_1,RealNVP,20,1.015,0.989,0.771
ConditionalAR_1,AR_2,MAF,10,1.004,1.008,0.916
ConditionalAR_1,AR_2,MAF,15,0.986,0.991,0.895
ConditionalAR_1,AR_2,MAF,20,1.005,1.047,1.578
ConditionalAR_1,AR_2,RealNVP,10,0.997,1.005,1.286
ConditionalAR_1,AR_2,RealNVP,15,0.981,0.925,0.979
ConditionalAR_1,AR_2,RealNVP,20,1.018,1.217,1.41
ConditionalAR_1,MA_1,MAF,10,0.997,1.001,0.652
ConditionalAR_1,MA_1,MAF,15,1.015,1.016,0.192
ConditionalAR_1,MA_1,MAF,20,0.984,1.032,0.906
ConditionalAR_1,MA_1,RealNVP,10,1.003,1.004,0.276
ConditionalAR_1,MA_1,RealNVP,15,0.982,0.978,0.357
ConditionalAR_1,MA_1,RealNVP,20,0.99,0.955,0.436
ConditionalAR_1,MA_2,MAF,10,0.996,1.0,0.912
ConditionalAR_1,MA_2,MAF,15,1.002,1.004,0.341
ConditionalAR_1,MA_2,MAF,20,0.999,0.958,1.527
ConditionalAR_1,MA_2,RealNVP,10,1.0,0.997,0.352
ConditionalAR_1,MA_2,RealNVP,15,1.004,0.955,1.273
ConditionalAR_1,MA_2,RealNVP,20,0.97,0.942,1.391
ConditionalMA_1,AR_1,MAF,10,1.0,1.002,0.604
ConditionalMA_1,AR_1,MAF,15,0.986,0.993,0.539
ConditionalMA_1,AR_1,MAF,20,1.02,0.999,0.861
ConditionalMA_1,AR_1,RealNVP,10,0.998,0.994,1.272
ConditionalMA_1,AR_1,RealNVP,15,1.011,0.997,0.92
ConditionalMA_1,AR_1,RealNVP,20,1.022,1.025,1.276
ConditionalMA_1,AR_2,MAF,10,0.999,1.0,0.493
ConditionalMA_1,AR_2,MAF,15,1.012,1.018,1.316
ConditionalMA_1,AR_2,MAF,20,0.902,0.891,1.599
ConditionalMA_1,AR_2,RealNVP,10,1.003,1.006,0.698
ConditionalMA_1,AR_2,RealNVP,15,1.003,0.995,0.915
ConditionalMA_1,AR_2,RealNVP,20,0.963,0.924,0.97
ConditionalMA_1,MA_1,MAF,10,0.995,0.999,0.749
ConditionalMA_1,MA_1,MAF,15,0.981,0.997,1.085
ConditionalMA_1,MA_1,MAF,20,1.007,0.993,0.748
ConditionalMA_1,MA_1,RealNVP,10,1.002,1.002,0.132
ConditionalMA_1,MA_1,RealNVP,15,0.995,0.971,0.562
ConditionalMA_1,MA_1,RealNVP,20,0.988,1.033,1.157
ConditionalMA_1,MA_2,MAF,10,0.999,1.005,0.517
ConditionalMA_1,MA_2,MAF,15,1.012,0.956,1.173
ConditionalMA_1,MA_2,MAF,20,1.028,1.04,1.148
ConditionalMA_1,MA_2,RealNVP,10,1.002,1.001,0.426
ConditionalMA_1,MA_2,RealNVP,15,1.002,0.923,1.008
ConditionalMA_1,MA_2,RealNVP,20,0.993,0.968,1.071
